{
    "hdl": {
        "source": ["example/fir/s_wallace_rca16.v"],
        "top": "s_wallace_rca16",
        "output": "example/fir/result"
    },
    "als": {
        "cache": "lut_catalog.db",
        "cut_size": "4",
        "solver": "boolector",
        "timeout": 60000
    },
    "error": {
        "metric": {"module" : "example/fir/fir", "function" : "compute_mdssim"},
        "threshold": 1.0,
        "vectors": 1,
        "dataset": "example/fir/dataset.json",
        "weights": {
            "\\s_wallace_rca16_out[0]"  : 9.3132257461547852e-10,
            "\\s_wallace_rca16_out[1]"  : 1.862645149230957e-09,
            "\\s_wallace_rca16_out[2]"  : 3.7252902984619141e-09,
            "\\s_wallace_rca16_out[3]"  : 7.4505805969238281e-09,
            "\\s_wallace_rca16_out[4]"  : 1.4901161193847656e-08,
            "\\s_wallace_rca16_out[5]"  : 2.9802322387695312e-08,
            "\\s_wallace_rca16_out[6]"  : 5.9604644775390625e-08,
            "\\s_wallace_rca16_out[7]"  : 1.1920928955078125e-07,
            "\\s_wallace_rca16_out[8]"  : 2.384185791015625e-07,
            "\\s_wallace_rca16_out[9]"  : 4.76837158203125e-07,
            "\\s_wallace_rca16_out[10]"  : 9.5367431640625e-07,
            "\\s_wallace_rca16_out[11]"  : 1.9073486328125e-06,
            "\\s_wallace_rca16_out[12]"  : 3.814697265625e-06,
            "\\s_wallace_rca16_out[13]"  : 7.62939453125e-06,
            "\\s_wallace_rca16_out[14]"  : 1.52587890625e-05,
            "\\s_wallace_rca16_out[15]"  : 3.0517578125e-05,
            "\\s_wallace_rca16_out[16]"  : 6.103515625e-05,
            "\\s_wallace_rca16_out[17]"  : 0.0001220703125,
            "\\s_wallace_rca16_out[18]"  : 0.000244140625,
            "\\s_wallace_rca16_out[19]"  : 0.00048828125,
            "\\s_wallace_rca16_out[20]"  : 0.0009765625,
            "\\s_wallace_rca16_out[21]"  : 0.001953125,
            "\\s_wallace_rca16_out[22]"  : 0.00390625,
            "\\s_wallace_rca16_out[23]"  : 0.0078125,
            "\\s_wallace_rca16_out[24]"  : 0.015625,
            "\\s_wallace_rca16_out[25]"  : 0.03125,
            "\\s_wallace_rca16_out[26]"  : 0.0625,
            "\\s_wallace_rca16_out[27]"  : 0.125,
            "\\s_wallace_rca16_out[28]"  : 0.25,
            "\\s_wallace_rca16_out[29]"  : 0.5,
            "\\s_wallace_rca16_out[30]"  : 1,
            "\\s_wallace_rca16_out[31]"  : -2
        }
    },
    "hardware": {
        "metrics": ["gates"]
    },
    "amosa": {
        "archive_hard_limit": 100,
        "archive_soft_limit": 250,
        "archive_gamma": 2,
        "hill_climbing_iterations": 550,
        "initial_temperature": 500.0,
        "final_temperature": 1e-06,
        "cooling_factor": 0.9,
        "annealing_iterations": 750,
        "annealing_strength": 1,
        "early_termination": 20
    }
}
